{"cameraMode":{"drawMode":0,"name":"Shaded","section":"Shading Mode"},"sceneLighting":false,"audioPlay":false,"sceneViewState":{"showFog":true,"showMaterialUpdate":false,"showSkybox":false,"showFlares":true,"showImageEffects":true,"showParticleSystems":true},"in2DMode":false,"pivot":{"x":-8.656303405761719,"y":-2.913926124572754,"z":-4.662609100341797},"rotation":{"x":-0.05055569112300873,"y":0.9430267214775086,"z":-0.16898207366466523,"w":-0.28212910890579226},"size":14.163104057312012,"orthographic":false}